level,config_id,shift_x_deg,shift_y_deg,amp_deg,shift_x_raw,shift_y_raw,filename
1,0,0.0526,-0.3471,0.3511,0.0439,-0.2893,lv1/letter_A_lv1_cfg00.jpg
1,1,0.3518,-0.4330,0.5579,0.2932,-0.3608,lv1/letter_A_lv1_cfg01.jpg
1,2,0.6478,0.4354,0.7805,0.5398,0.3628,lv1/letter_A_lv1_cfg02.jpg
1,3,0.0440,-0.6273,0.6289,0.0366,-0.5228,lv1/letter_A_lv1_cfg03.jpg
1,4,0.2497,0.2597,0.3603,0.2081,0.2164,lv1/letter_A_lv1_cfg04.jpg
1,5,-0.5102,0.5379,0.7414,-0.4252,0.4483,lv1/letter_A_lv1_cfg05.jpg
1,6,-0.4071,-0.5172,0.6582,-0.3393,-0.4310,lv1/letter_A_lv1_cfg06.jpg
1,7,-0.1704,0.0633,0.1818,-0.1420,0.0527,lv1/letter_A_lv1_cfg07.jpg
1,8,-0.0481,-0.0172,0.0511,-0.0401,-0.0143,lv1/letter_A_lv1_cfg08.jpg
1,9,0.2368,-0.4464,0.5053,0.1974,-0.3720,lv1/letter_A_lv1_cfg09.jpg
2,0,0.0550,-1.0822,1.0836,0.0459,-0.9019,lv2/letter_A_lv2_cfg00.jpg
2,1,1.4889,-0.2773,1.5145,1.2408,-0.2311,lv2/letter_A_lv2_cfg01.jpg
2,2,0.1695,-0.9406,0.9557,0.1413,-0.7838,lv2/letter_A_lv2_cfg02.jpg
2,3,-0.8169,0.1733,0.8350,-0.6807,0.1444,lv2/letter_A_lv2_cfg03.jpg
2,4,0.7618,1.1102,1.3464,0.6348,0.9252,lv2/letter_A_lv2_cfg04.jpg
2,5,-0.0518,-1.5732,1.5740,-0.0432,-1.3110,lv2/letter_A_lv2_cfg05.jpg
2,6,-0.5028,0.9743,1.0964,-0.4190,0.8119,lv2/letter_A_lv2_cfg06.jpg
2,7,-0.9342,0.1809,0.9516,-0.7785,0.1508,lv2/letter_A_lv2_cfg07.jpg
2,8,0.8086,0.8602,1.1806,0.6738,0.7168,lv2/letter_A_lv2_cfg08.jpg
2,9,0.1931,1.3218,1.3359,0.1609,1.1015,lv2/letter_A_lv2_cfg09.jpg
3,0,-2.0917,0.8718,2.2661,-1.7431,0.7265,lv3/letter_A_lv3_cfg00.jpg
3,1,-0.5687,-1.7603,1.8499,-0.4739,-1.4669,lv3/letter_A_lv3_cfg01.jpg
3,2,1.1088,-1.9507,2.2438,0.9240,-1.6256,lv3/letter_A_lv3_cfg02.jpg
3,3,-1.3919,1.1891,1.8307,-1.1599,0.9909,lv3/letter_A_lv3_cfg03.jpg
3,4,-0.7045,-1.5601,1.7118,-0.5871,-1.3001,lv3/letter_A_lv3_cfg04.jpg
3,5,0.4971,1.5270,1.6059,0.4143,1.2725,lv3/letter_A_lv3_cfg05.jpg
3,6,0.4902,-2.0748,2.1319,0.4085,-1.7290,lv3/letter_A_lv3_cfg06.jpg
3,7,-0.6184,-2.1369,2.2246,-0.5153,-1.7807,lv3/letter_A_lv3_cfg07.jpg
3,8,-1.9869,0.5246,2.0550,-1.6558,0.4372,lv3/letter_A_lv3_cfg08.jpg
3,9,1.0799,1.3020,1.6916,0.9000,1.0850,lv3/letter_A_lv3_cfg09.jpg
4,0,-1.3621,-2.4198,2.7769,-1.1351,-2.0165,lv4/letter_A_lv4_cfg00.jpg
4,1,-2.7625,-1.2003,3.0120,-2.3021,-1.0003,lv4/letter_A_lv4_cfg01.jpg
4,2,-1.8838,-2.1291,2.8429,-1.5698,-1.7743,lv4/letter_A_lv4_cfg02.jpg
4,3,-2.4624,-0.9608,2.6432,-2.0520,-0.8006,lv4/letter_A_lv4_cfg03.jpg
4,4,2.6980,0.5291,2.7494,2.2483,0.4409,lv4/letter_A_lv4_cfg04.jpg
4,5,0.6018,2.6596,2.7268,0.5015,2.2163,lv4/letter_A_lv4_cfg05.jpg
4,6,1.5651,-2.0601,2.5872,1.3042,-1.7167,lv4/letter_A_lv4_cfg06.jpg
4,7,2.4509,0.9403,2.6251,2.0424,0.7836,lv4/letter_A_lv4_cfg07.jpg
4,8,-0.7924,2.8203,2.9295,-0.6604,2.3503,lv4/letter_A_lv4_cfg08.jpg
4,9,-2.8348,-1.0617,3.0271,-2.3624,-0.8847,lv4/letter_A_lv4_cfg09.jpg
5,0,-1.8075,-3.0264,3.5251,-1.5062,-2.5220,lv5/letter_A_lv5_cfg00.jpg
5,1,1.3051,-3.0675,3.3336,1.0876,-2.5562,lv5/letter_A_lv5_cfg01.jpg
5,2,3.2388,0.4654,3.2720,2.6990,0.3878,lv5/letter_A_lv5_cfg02.jpg
5,3,-0.6168,-3.5158,3.5695,-0.5140,-2.9298,lv5/letter_A_lv5_cfg03.jpg
5,4,1.9051,3.0556,3.6008,1.5876,2.5463,lv5/letter_A_lv5_cfg04.jpg
5,5,2.1640,3.0713,3.7571,1.8033,2.5594,lv5/letter_A_lv5_cfg05.jpg
5,6,-3.3062,1.1632,3.5048,-2.7551,0.9694,lv5/letter_A_lv5_cfg06.jpg
5,7,-1.1781,3.5119,3.7042,-0.9817,2.9266,lv5/letter_A_lv5_cfg07.jpg
5,8,-2.1130,2.4958,3.2701,-1.7608,2.0798,lv5/letter_A_lv5_cfg08.jpg
5,9,2.9275,2.6809,3.9695,2.4396,2.2340,lv5/letter_A_lv5_cfg09.jpg
